species_latin,species,name,early ripens,late ripens,origin_year,City 1,County 1,State 1,country,uses
Malus domestica,Apple,Abram,October,November,1755,,,Virginia,United States,sy
Malus domestica,Apple,Accordian,August,August,~1895,,Rockingham County,North Carolina,United States,
Malus domestica,Apple,Alexander,August,September,before 1830,,,,Russian Federation,p
Malus domestica,Apple,Alexander's Ice Cream,July,July,1893,,Mecklenburg County,North Carolina,United States,
Malus domestica,Apple,Allum,September,October,1843,,Rockingham County,North Carolina,United States,
Malus domestica,Apple,American Beauty,September,,early 1800s,Sterling,,Massachusetts,United States,
Malus domestica,Apple,American Golden Russet,September,October,before 1800,,Burlington County,New Jersey,United States,fyp
Malus domestica,Apple,American Limbertwig,,,,Mount Airy,,North Carolina,United States,
Malus domestica,Apple,American Summer Pearmain,July,August,1817,,,New Jersey,United States,fp
Malus domestica,Apple,Amy,late July,late July,,,Stokes County,North Carolina,United States,
Malus domestica,Apple,Andy Reed,August,August,before 1995,,Cherokee County,North Carolina,United States,
Malus domestica,Apple,Appalachian Limbertwig,September,October,,,,,United States,fyp
Malus domestica,Apple,Arkansas Black,October,October,1870,Bentonville,,Arkansas,United States,fs
Malus domestica,Apple,Arkansas Sweet,late October,late October,1905,,Scott County,Arkansas,United States,f
Malus domestica,Apple,Arthur,,,1870,,Ashe County,North Carolina,United States,
Malus domestica,Apple,Asterus,late July,August,before 1830s,Roan Mountain State Park,,North Carolina,United States,p
Malus domestica,Apple,Atha,late June,early July,before 1900,Baileyton,,Alabama,United States,
Malus domestica,Apple,Aunt Cora's Yard Apple/Aunt Cora's Field Apple,October,October,1978,,Bath County,Virginia,United States,fs
Malus domestica,Apple,Aunt Rachel,July,July,,,Chatham County,North Carolina,United States,f
Malus domestica,Apple,Aunt Sally,late September,October,1875,,Yadkin County,North Carolina,United States,f
Malus domestica,Apple,Autumn Strawberry,august,september,before 1848,,,New York,United States,f
Malus domestica,Apple,Bald Mountain,October,November,~1889,,Macon County,North Carolina,United States,fs
Malus domestica,Apple,Baldwin,October,October,1740,Lowell,,Massachusetts,United States,fs
Malus domestica,Apple,Ball's Choice,September,October,before 1860,,Giles County,Tennessee,United States,fs
Malus domestica,Apple,Balsam,September,October,,,Ashe County,North Carolina,United States,f
Malus domestica,Apple,Baltimore Monstrous Pippin,November,December,1780,Baltimore,,Maryland,United States,f
Malus domestica,Apple,Bart,August,August,,,Rabun County,Georgia,United States,p
Malus domestica,Apple,Beach,October,October,1870,,,Arkansas,United States,s
Malus domestica,Apple,Beauty of the World,November,November,1900,Morganton,,North Carolina,United States,fs
Malus domestica,Apple,Beckham's Seedling,August,September,1930s,,Warren County,North Carolina,United States,f
Malus domestica,Apple,Beecher,July,August,,Macon,,North Carolina,United States,f
Malus domestica,Apple,Belcher Mountain,October,October,,Woolwine,,Virginia,United States,
Malus domestica,Apple,Belmont,October,October,1817,PA,,,United States,f
Malus domestica,Apple,Ben Lomand Limbertwig,,,,Ben Lomand Mountain,,Tennessee,United States,
Malus domestica,Apple,Ben Davis,October,October,1799,,Butler County,Kentucky,United States,sp
Malus domestica,Apple,Benham,July,August,1887,,,Tennessee,United States,fp
Malus domestica,Apple,Benoni,July,July,before 1832,Dedham,,Massachusetts,United States,f
Malus domestica,Apple,Bentley's Sweet,October,October,before 1813,,,West Virginia,United States,fs
Malus domestica,Apple,Betsy Deaton,September,October,,,Yancey County,North Carolina,United States,
Malus domestica,Apple,Bevan's Favorite,Late July,Late July,before 1842,Salem,,New Jersey,United States,f
Malus domestica,Apple,Big Red,October,November,1867,Clyde,,North Carolina,United States,f
Malus domestica,Apple,Big Stem,Late July,Late July,,,Pocohontas County,West Virginia,United States,
Malus domestica,Apple,Billy Brown,July,August,,,Union County,Tennessee,United States,
Malus domestica,Apple,Bishop,August,August,before 1900,,Ashe County,North Carolina,United States,
Malus domestica,Apple,Bismarck,August,August,late 1800s,,,,Germany,
Malus domestica,Apple,Black Amish,September,October,,,,Pennsylvania,United States,fsyp
Malus domestica,Apple,Black Apple,Late July,August,1817,,,New Jersey,United States,
Malus domestica,Apple,Black Gilliflower,September,October,early 1700s,,,Connecticut,United States,
Malus domestica,Apple,Black Jack,October,October,,Roan Mountain,,Tennessee,United States,
Malus domestica,Apple,Black Limbertwig,September,October,,,,,United States,yp
Malus domestica,Apple,Blacktwig,October,October,1842,,Washington County,Arkansas,United States,fs
Malus domestica,Apple,Blairmont,August,August,1982,Byron,,Georgia,United States,
Malus domestica,Apple,"Bloomless, Seedless, Coreless",October,October,1868,Flag Pond,,Virginia,United States,s
Malus domestica,Apple,Blue Ridge King,August,September,1990s,,,Virginia,United States,f
Malus domestica,Apple,Boger,September,October,,Concord,,North Carolina,United States,p
Malus domestica,Apple,Bower's Nonpareil,August,August,1870,Harrisonburg,,Virginia,United States,
Malus domestica,Apple,Branch,August,August,,,Brunswick County,North Carolina,United States,
Malus domestica,Apple,Brichel Sweet,October,October,,,,North Carolina,United States,
Malus domestica,Apple,Brogan,,,1986,,Knox County,Tennessee,United States,f
Malus domestica,Apple,Brogden,July,Early August,1945,,,Alabama,United States,f
Malus domestica,Apple,Brooks,July,August,,Statesville,,North Carolina,United States,
Malus domestica,Apple,Brushy Mountain Limbertwig,October,October,,,Alexander County,North Carolina,United States,s
Malus domestica,Apple,Buckeye Beauty,October,October,1928,Smithville,,Tennessee,United States,
Malus domestica,Apple,Buckingham,August,September,1777,,Louisa County,Virginia,United States,fsyp
Malus domestica,Apple,Bud Wolf,September,October,,,Harford County,Maryland,United States,fp
Malus domestica,Apple,Buff,September,October,before 1853,,Haywood County,North Carolina,United States,p
Malus domestica,Apple,Buncombe,July,August,before 1867,,,North Carolina,United States,f
Malus domestica,Apple,Burl,August,August,,Dunnville,,Kentucky,United States,f
Malus domestica,Apple,Burning Green,August,August,1868,,Mitchell County,North Carolina,United States,s
Malus domestica,Apple,Calvin,July,August,,,VA,,United States,f
Malus domestica,Apple,Camack's Sweet,late September,October,before 1900,,Macon County,North Carolina,United States,f
Malus domestica,Apple,Cannon Pearmain,October,November,1804,,,Virginia,United States,fsyp
Malus domestica,Apple,Captain Davis,July,August,1865,,Kosciusko,Mississippi,United States,
Malus domestica,Apple,Carolina Red June,June,July,1800,,Pomaria,South Carolina,United States,fy
Malus domestica,Apple,Carter's Blue,late September,late September,1840s,Montgomery,,Alabama,United States,f
Malus domestica,Apple,Catawba,August,November,1860,,,South Carolina,United States,
Malus domestica,Apple,Cathead,September,September,1851,,,Georgia,United States,fp
Malus domestica,Apple,Cauley,August,September,1919,Grenada,,Mississippi,United States,
Malus domestica,Apple,Chatham Sweet,August,September,early 1900s,,Alexander County,North Carolina,United States,fp
Malus domestica,Apple,Chenango Strawberry,July,September,before 1850,,,New York,United States,fp
Malus domestica,Apple,Chesapeake,September,September,1958,Wallingford,,Kentucky,United States,fs
Malus domestica,Apple,Chimney Apple,August,August,1875,Patrick Springs,,Virginia,United States,fp
Malus domestica,Apple,Clapper Flat,September,September,1869,Bethlehem,,New York,United States,
Malus domestica,Apple,Clarke's Pearmain,September,October,1755,,,Virginia,United States,
Malus domestica,Apple,Clarke's Orange,August,September,1877,,,Ohio,United States,
Malus domestica,Apple,Coble's Wilder,July,July,1923,Julian,,North Carolina,United States,f
Malus domestica,Apple,Coe,Late August,Late August,1901,Greensboro,,North Carolina,United States,
Malus domestica,Apple,Coffelt Beauty,October,October,1887,,Benton County,Arkansas,United States,fs
Malus domestica,Apple,Coffey Seedling,October,October,1890,,Caldwell County,North Carolina,United States,
Malus domestica,Apple,Collins,October,October,1865,,Washington County,Arkansas,United States,s
Malus domestica,Apple,Collins June,June,July,1975,Tifton,,Georgia,United States,p
Malus domestica,Apple,Cothren,August,September,2000,,Wilkes County,North Carolina,United States,
Malus domestica,Apple,Cotton,August,August,1888,Cape Fear,,North Carolina,United States,
Malus domestica,Apple,Crack,October,October,,Taylorsville,,North Carolina,United States,
Malus domestica,Apple,Critt,October,October,,,,North Carolina,United States,p
Malus domestica,Apple,Crow's Egg,Late August,September,,,Worcester County,Massachusetts,United States,f
Malus domestica,Apple,Cullasaga,October,October,1830,,Macon County,North Carolina,United States,
Malus domestica,Apple,Davidson Sweeting,July,August,mid-1800s,Cana,,Virginia,United States,p
Malus domestica,Apple,Deaderick,late September,October,1850,,Washington County,Tennessee,United States,
Malus domestica,Apple,Delicious,September,October,1881,,Madison County,Iowa,United States,fs
Malus domestica,Apple,Devine,July,August,1895,,,South Carolina,United States,
Malus domestica,Apple,Disharoon,September,October,1970s,,Habersham County,Georgia,United States,
Malus domestica,Apple,Doctor,September,October,1804,,,Pennsylvania,United States,
Malus domestica,Apple,Doctor Matthews,September,September,1895,Brazil,,Tennessee,United States,f
Malus domestica,Apple,Domine,October,October,1805,,,Maryland,United States,s
Malus domestica,Apple,Donce,August,August,,,Wilkes County,North Carolina,United States,
Malus domestica,Apple,Duchess of Oldenburg,July,July,before 1700,Tula,,Russia,United States,p
Malus domestica,Apple,Dula's Beauty,September,September,late 1800s,Lenoir,,North Carolina,United States,fs
Malus domestica,Apple,Durham,August,September,,Traphill,,North Carolina,United States,
Malus domestica,Apple,Early Harvest,Late June,July,1817,Long Island,,New York,United States,fp
Malus domestica,Apple,Early Joe,July,July,1800,,Ontario County,New York,United States,f
Malus domestica,Apple,Early Red Bird,June,June,1880,,,New Brunswick,Canada,p
Malus domestica,Apple,Early Red Margaret,June,July,1874,,,,United Kingdom of Great Britian and Northern Ireland,
Malus domestica,Apple,Early Ripe,late June,late June,1800,,Adams County,Pennsylvania,United States,
Malus domestica,Apple,Early Strawberry,late June,July,1838,,,New York,United States,p
Malus domestica,Apple,Edward's Winter,late September,October,1869,,Chatham County,North Carolina,United States,fs
Malus domestica,Apple,Emerging Blaze,September,September,,,Grant County,West Virginia,United States,
Malus domestica,Apple,Enos,July,July,1990s,Upper Tract,,West Virginia,United States,
Malus domestica,Apple,Esopus Spitzenburg,September,October,1800,Esopus,,New York,United States,fs
Malus domestica,Apple,Fairgrove,September,September,1980s,Hickory,,North Carolina,United States,s
Malus domestica,Apple,Fall Orange,Late August,September,1770,Holden,,Massachusetts,United States,fp
Malus domestica,Apple,Fall Pippin,late August,September,1800,Shenendoah Valley,,Virginia,United States,fp
Malus domestica,Apple,Fall Premium,September,October,,,Avery County,North Carolina,United States,
Malus domestica,Apple,Fallawater,September,October,1842,,Bucks County,Pennsylvania,United States,sp
Malus domestica,Apple,Fameuse,September,September,1700,,,,France,fsyp
Malus domestica,Apple,Fanny,September,September,1869,,Lancaster County,Pennsylvania,United States,f
Malus domestica,Apple,Farhing's No Bloom,September,September,1899,Hattie,,North Carolina,United States,
Malus domestica,Apple,Fired Sweet,July,July,,Marshall,,North Carolina,United States,
Malus domestica,Apple,Flat Fall Cheese,September,September,1990,,,Virginia,United States,
Malus domestica,Apple,Flat Fallawater,September,September,,,Ashe County,North Carolina,United States,
Malus domestica,Apple,Fleming,August,September,1942,Moravian Falls,,North Carolina,United States,
Malus domestica,Apple,Floyd Richmond,July,August,,Carthage,,Mississippi,United States,
Malus domestica,Apple,Foust,October,October,,,Guilford County,North Carolina,United States,f
Malus domestica,Apple,Fugate,July,July,,,Cooke County,Tennessee,United States,fp
Malus domestica,Apple,Fyan,September,October,1901,,Wright County,Missouri,United States,
Malus domestica,Apple,Gable,September,October,early 1900s,,Randolph County,North Carolina,United States,
Malus domestica,Apple,Gano/Black Ben Davis,September,October,1877,Parkville,,Missouri,United States,f
Malus domestica,Apple,George Mack,September,October,1998,Springfield,TN,Tennessee,United States,
Malus domestica,Apple,Gilmore's Special Winesap/Gilmore's Sweetening,July,July,1940s,Julian,NC,North Carolina,United States,
Malus domestica,Apple,Gilpin,September,September,1817,,,Virginia,United States,syp
Malus domestica,Apple,Globe,September,September,~1950,,Buncombe County,North Carolina,United States,f
Malus domestica,Apple,Gloria Mundi,September,September,1800,Red Hook,,New York,United States,p
Malus domestica,Apple,Golden Delicious,,,,,Clay County,West Virginia,United States,
Malus domestica,Apple,Golden Harvey,August,September,1600s,,Herefordshire County,,United Kingdom of Great Britian and Northern Ireland,f
Malus domestica,Apple,Golden Pippin,August,October,1884,,,North Carolina,United States,
Malus domestica,Apple,Golden Reinette,September,September,1855,,Herefordshire County,,United Kingdom of Great Britian and Northern Ireland,f
Malus domestica,Apple,Golden Sweet,late June,July,1850,,,Connecticut,United States,f
Malus domestica,Apple,Gragg,September,October,1859,,Caldwell County,North Carolina,United States,sp
Malus domestica,Apple,Grandaddy,August,September,,Dunnville,,Kentucky,United States,
Malus domestica,Apple,Grandmother Cheese,September,September,early 1900s,Canton,,North Carolina,United States,
Malus domestica,Apple,Granny Christian,September,September,1959,Roanoke,,Virginia,United States,fp
Malus domestica,Apple,Granny Mack,September,October,1930,Cana,,Virginia,United States,
Malus domestica,Apple,Granny Neighbors,August,August,1975,,Clay County,Alabama,United States,f
Malus domestica,Apple,Gravenstein,July,July,1669,Gravenstein,,,Denmark,fyp
Malus domestica,Apple,Green Cheese,September,October,1763,,,North Carolina,United States,fs
Malus domestica,Apple,Green Pippin,September,September,1867,,,Indiana,United States,
Malus domestica,Apple,Green River,August,August,,Dunnville,,Kentucky,United States,f
Malus domestica,Apple,Grimes Golden,September,October,1790,,Brooks County,West Virginia,United States,fsyp
Malus domestica,Apple,Grindstone,November,November,,,,,United States,sy
Malus domestica,Apple,Grissom,August,August,,Cumberland Mountains,,Tennessee,United States,
Malus domestica,Apple,Guyandotte,September,September,,Logan,,West Virginia,United States,f
Malus domestica,Apple,Haas,September,September,early 1800s,St. Louis,,Missouri,United States,
Malus domestica,Apple,Hackworth,August,September,1800s,,Morgan County,Alabama,United States,fp
Malus domestica,Apple,Hall,October,November,before 1800,,Franklin County,North Carolina,United States,fs
Malus domestica,Apple,Hammond,September,September,1858,Spartanburg,,South Carolina,United States,f
Malus domestica,Apple,Harris,August,August,1860,,Rockingham County,North Carolina,United States,
Malus domestica,Apple,Harrison,Early November,Early November,1976,,Essex County,New Jersey,United States,y
Malus domestica,Apple,Hayes Green,August,September,,Robbinsville,,North Carolina,United States,
Malus domestica,Apple,Haywood June,July,July,1877,,Haywood County,,United States,p
Malus domestica,Apple,Henry Clay,June,July,1890,,Hopkins County,Kentucky,United States,f
Malus domestica,Apple,Hewe's Crab,September,October,1717,,,Virginia,United States,y
Malus domestica,Apple,Hickman,October,October,1916,Hickman,,Kentucky,United States,fs
Malus domestica,Apple,Hightop Sweet,early August,early August,mid 1600s,Plymouth Colony,,Massachusetts,United States,p
Malus domestica,Apple,Hillside,October,October,2002,Hays,,North Carolina,United States,
Malus domestica,Apple,Hog Island Sweet,September,October,1836,Hog Island,,New York,United States,f
Malus domestica,Apple,Hog Sweet,late July,late July,,,,,United States,
Malus domestica,Apple,Holland Pippin,July,September,,,,,United States,p
Malus domestica,Apple,Hollow Log,late June,August,1920s,Conover,,North Carolina,United States,fp
Malus domestica,Apple,Holly,August,September,1952,,Columbus,Ohio,United States,f
Malus domestica,Apple,Honey Sweet,August,September,1960s,,,Virginia,United States,fy
Malus domestica,Apple,Hoover,September,October,1856,Edisto,,South Carolina,United States,fp
Malus domestica,Apple,Horse,late July,August,1763,Williamsburg,,Virginia,United States,yp
Malus domestica,Apple,Hubbardston Nonsuch,September,September,before 1800,Hubbardston,,Massachusetts,United States,f
Malus domestica,Apple,Huffman Red,August,September,1992,Kimesville,,North Carolina,United States,f
Malus domestica,Apple,Hunge,August,September,1940,Newton Grove,,North Carolina,United States,fp
Malus domestica,Apple,Huntsman's Favorite,September,September,1850,Fayette,,Missouri,United States,f
Malus domestica,Apple,Ingram,October,October,1855,Springfield,,Missouri,United States,fsy
Malus domestica,Apple,Isam,August,September,1800s,Richfield,,North Carolina,United States,
Malus domestica,Apple,Jake's Seedling,late July,August,,,Russell County,Kentucky,United States,f
Malus domestica,Apple,Jarrett,late September,late September,,,Watauga County,North Carolina,United States,
Malus domestica,Apple,Jefferis,August,August,1848,,Chester County,Pennsylvania,United States,f
Malus domestica,Apple,Jim Day,late June,August,1915,Kosciusko,,Michigan,United States,f
Malus domestica,Apple,Jimbo,September,October,before 1900,,Carter County,Tennessee,United States,p
Malus domestica,Apple,Joe Little,July,August,1995,Maysville,,West Virginia,United States,
Malus domestica,Apple,John Apple,August,September,,Low gap,,North Carolina,United States,p
Malus domestica,Apple,John Conner,August,September,late 1800s,,Wilkes County,North Carolina,United States,
Malus domestica,Apple,Johnny No Core,September,September,,,Ashe County,North Carolina,United States,
Malus domestica,Apple,Johnson Keeper,October,October,,,Wilkes County,North Carolina,United States,
Malus domestica,Apple,Jonalicious,September,September,1933,Abilene,,Texas,United States,
Malus domestica,Apple,Jonathan,September,October,1826,Woodstock,,New York,United States,f
Malus domestica,Apple,Juicy Fruit,October,October,,Roan Mountain,,Tennessee,United States,f
Malus domestica,Apple,July Delicious,July,August,1930s,Baileyton,,Alabama,United States,
Malus domestica,Apple,July-August Go-No-Further,late August,September,1994,,,West Virginia,United States,
Malus domestica,Apple,Junaluska,October,October,2001,,Macon County,North Carolina,United States,
Malus domestica,Apple,June Sweeting,July,July,1988,Bath,,North Carolina,United States,
Malus domestica,Apple,Kane,August,September,1853,,Kent County,Delaware,United States,f
Malus domestica,Apple,Keener Seedling,late October,late October,1890,,Lincoln County,North Carolina,United States,fsp
Malus domestica,Apple,Kennedy,July,July,1858,,,Georgia,United States,
Malus domestica,Apple,Kimrome,September,September,1970s,,,Georgia,United States,f
Malus domestica,Apple,King David,August,September,1893,Durham,,Arkansas,United States,fsyp
Malus domestica,Apple,King Luscious,September,October,1935,Hendersonville,,North Carolina,United States,
Malus domestica,Apple,King Solomon,August,September,1870,Fairview,,Kentucky,United States,
Malus domestica,Apple,King Tom,August,August,1853,,,North Carolina,United States,
Malus domestica,Apple,Kinnaird's Choice,September,October,1855,Franklin,,Tennessee,United States,f
Malus domestica,Apple,Lacy,late August,September,1858,,Union County,North Carolina,United States,fp
Malus domestica,Apple,Lady,late August,September,1600s,,,,France,fs
Malus domestica,Apple,Lady Skin,late September,late September,,Canton,,North Carolina,United States,
Malus domestica,Apple,Lady Sweet,August,September,1845,Newburgh,,New York,United States,fs
Malus domestica,Apple,Langdon,Late July,September,1896,,Greene County,Tennessee,United States,
Malus domestica,Apple,Lawson's Seedling,late September,October,1995,Lawsonville,,North Carolina,United States,
Malus domestica,Apple,Lawver,September,October,1865,,,Illinois,United States,sp
Malus domestica,Apple,Leather Coat,September,October,,,Wilkes County,North Carolina,United States,
Malus domestica,Apple,Levering Limbertwig,,,,Ararat,,Virginia,United States,
Malus domestica,Apple,Lewis Green,August,September,1877,,Watauga County,North Carolina,United States,
Malus domestica,Apple,Little Benny,August,August,1995,Grantsboro,,North Carolina,United States,p
Malus domestica,Apple,Liveland Raspberry,July,July,1883,,,,Lithuania,f
Malus domestica,Apple,Longfield,August,September,1883,,,,Russian Federation,
Malus domestica,Apple,Long Stem,July,July,1867,,Rockingham County,Virginia,United States,f
Malus domestica,Apple,Lonnie's Summer Giant,July,August,1996,Dunnville,,Kentucky,United States,
Malus domestica,Apple,Lowell,August,October,1858,,,,United States,fp
Malus domestica,Apple,Lowry,September,October,1850,Afton,,Virginia,United States,fs
Malus domestica,Apple,Lugar Red,September,September,,,Craig County,Virginia,United States,
Malus domestica,Apple,Magnum Bonum,September,September,1828,,Davidson County,North Carolina,United States,f
Malus domestica,Apple,Maiden's Blush,July,August,1817,Burlington,,New Jersey,United States,p
Malus domestica,Apple,Mann ,October,October,1850,Granby,,New York,United States,fsp
Malus domestica,Apple,Mary Reid,August,August,early 1900s,,Caswell County,North Carolina,United States,
Malus domestica,Apple,Mattamuskeet,September,October,1853,,Hyde County,North Carolina,United States,sp
Malus domestica,Apple,May,May,June,middle ages,,,,,p
Malus domestica,Apple,McIntosh,September,September,1820,,,Ontario,Canada,f
Malus domestica,Apple,McLean,August,September,,,Iredell County,North Carolina,United States,
Malus domestica,Apple,Means Seedling,September,October,mid 1900s,Dunnville,,Kentucky,United States,fs
Malus domestica,Apple,Milam,September,October,1749,,Madison County,Virginia,United States,s
Malus domestica,Apple,Miles Stadler,September,September,Early 1900s,,Stokes County,,United States,
Malus domestica,Apple,Mississippi Pippin,September,September,pre-civil war,Buckeye,,West Virginia,United States,
Malus domestica,Apple,Missouri Pippin,October,November,1854,,Johnson County,Missouri,United States,fs
Malus domestica,Apple,Mitchell,October,November,late 1800s,,Logan County,West Virginia,United States,fp
Malus domestica,Apple,Mitchell Sweet,late August,September,late 1800s,,Alexander County,North Carolina,United States,
Malus domestica,Apple,Mongolian,September,September,early 1900s,,Wilkes County,North Carolina,United States,
Malus domestica,Apple,Morgan's Christmas,September,September,1880,Otter Creek,,North Carolina,United States,
Malus domestica,Apple,Mother,August,September,early 1800s,Bolton,,Massachusetts,United States,fy
Malus domestica,Apple,Mother Bud,August,September,,,Avery County,North Carolina,United States,fp
Malus domestica,Apple,Mountain Beauty,December,January,1855,Keswick Depot,,Virginia,United States,
Malus domestica,Apple,Mountain Boomer,August,September,1900,,,Virginia,United States,f
Malus domestica,Apple,Mountain Rose,September,September,,,Wilkes County,North Carolina,United States,
Malus domestica,Apple,Mrs. Bryan,August,September,1870s,Dillon,,Georgia,United States,
Malus domestica,Apple,Munson Sweet,August,August,1849,,,Massachusetts,United States,
Malus domestica,Apple,Muskmelon Sweet,late September,October,early 1900s,Fries,,Virginia,United States,f
Malus domestica,Apple,Myers’ Royal Limbertwig,,,,,,,United States,fy
Malus domestica,Apple,Newtown Pippin,October,October,1666,Long Island,,New York,United States,fsyp
Malus domestica,Apple,Nickajack,October,October,1858,,Macon County,North Carolina,United States,s
Malus domestica,Apple,North Carolina Keeper,September,October,1886,,Davidson County,North Carolina,United States,s
Malus domestica,Apple,Northern Spy,October,October,1800,East Bloomsfield,,New York,United States,fsp
Malus domestica,Apple,Northwestern Greening,October,October,1872,,Waupaca County,Wisconsin,United States,sp
Malus domestica,Apple,Notley P. No.1,October,November,1855,Spruce Pines,,North Carolina,United States,f
Malus domestica,Apple,Old English Milam,August,August,Early 1900s,Shenandoah,,Virginia,United States,
Malus domestica,Apple,Oliver,September,October,early 1800s,,Washington County,Arkansas,United States,fs
Malus domestica,Apple,Old Fashioned Limbertwig,,,,,,,United States,fsyp
Malus domestica,Apple,Ooten,late August,late August,1895,,Mingo County,West Virginia,United States,fp
Malus domestica,Apple,Opalescent,August,September,1800s,,Barry County,Michigan,United States,f
Malus domestica,Apple,Ophir,August,September,early 1900s,Ophir,,North Carolina,United States,fp
Malus domestica,Apple,Ortley,October,October,1817,,,New Jersey,United States,
Malus domestica,Apple,Ozark Beauty,August,September,1970,Missouri,,,United States,f
Malus domestica,Apple,Parks' Pippin,mid September,mid September,mid 1800s,,Gilmer County,Georgia,United States,yp
Malus domestica,Apple,Parmer,July,August,,,,Virginia,United States,yp
Malus domestica,Apple,Paw,early September,early September,early 1900s,Taylorsville,,North Carolina,United States,
Malus domestica,Apple,Pennock,October,October,1817,,Delaware County,Pennsylvania,United States,s
Malus domestica,Apple,Perkins,September,October,,Statesville,,North Carolina,United States,
Malus domestica,Apple,Perry Russet,late September,October,early 1800s,New York,,,United States,f
Malus domestica,Apple,Pewaukee,October,November,1870,Pewaukee,,Wisconsin,United States,s
Malus domestica,Apple,Phifer,August,September,1800s,Statesville,,North Carolina,United States,
Malus domestica,Apple,Pilot,October,October,1830,,Nelson County,Virginia,United States,fsp
Malus domestica,Apple,Pineapple,late September,late September,1900s,,,,United States,
Malus domestica,Apple,Pinky,August,October,end of Civil War,,Cabarrus County,North Carolina,United States,
Malus domestica,Apple,Polly Eades,July,August,1884,Robards,,Kentucky,United States,
Malus domestica,Apple,Polly Sweet,late July,August,1915,Canton,,North Carolina,United States,
Malus domestica,Apple,Pomme Grise,August,September,1858,Canada,,,United States,f
Malus domestica,Apple,Porter,August,September,1800,Sherburne,,Massachusetts,United States,fp
Malus domestica,Apple,Potomac,late September,late September,1962,Wallingford,,Kentucky,United States,s
Malus domestica,Apple,Potts,September,September,,Brushy Mountains,,North Carolina,United States,y
Malus domestica,Apple,Pound,late August,September,1920s,Collinsville,,Alabama,United States,
Malus domestica,Apple,Primate,July,August,1900,Blacksburg,,Virginia,United States,f
Malus domestica,Apple,Prissy Gum,August,August,late 1700s,Vanderpool,,Virginia,United States,p
Malus domestica,Apple,Pryor's Red,October,October,1775,,Botetourt County,Virginia,United States,fs
Malus domestica,Apple,Pumpkin Sweet,August,August,1834,Manchester,,Connecticut,United States,p
Malus domestica,Apple,Queen,September,September,,,,Kentucky,United States,f
Malus domestica,Apple,Rabun Bald,September,October,1890,Clayton,,Georgia,United States,f
Malus domestica,Apple,Rainbow,August,September,1898,,,Missouri,United States,
Malus domestica,Apple,Ralls Janet,October,October,1790s,,Amherst County,Virginia,United States,fsy
Malus domestica,Apple,Rambo,September,October,1640,,,Delaware,United States,f
Malus domestica,Apple,Rattle Core,July,July,1869,,,North Carolina,United States,
Malus domestica,Apple,Rawley,September,September,early 1800s,,Scott County,Virginia,United States,
Malus domestica,Apple,Reasor Green,November,November,1887,,Lee County,Virginia,United States,fs
Malus domestica,Apple,Rebel,September,September,1850,,Rappahannock County,Virginia,United States,f
Malus domestica,Apple,Red Astrachan,June,July,1835,,,,Russian Federation,p
Malus domestica,Apple,Red Bietigheimer,August,September,1880,,,,Germany,p
Malus domestica,Apple,Red Canada,September,October,1822,,,Massachusetts,United States,fs
Malus domestica,Apple,Red Cathead,September,October,1853,,,Virginia,United States,
Malus domestica,Apple,Red Cheese,July,early August,1853,,,North Carolina,United States,p
Malus domestica,Apple,Red Delight,September,October,1960,Sylacauga,,Alabama,United States,f
Malus domestica,Apple,Red Detroit,late August,September,early 1900s,,,Georgia,United States,p
Malus domestica,Apple,Red Hackworth,August,September,1900,,Morgan County,Alabama,United States,
Malus domestica,Apple,Red Limbertwig,October,,,,,,United States,s
Malus domestica,Apple,Red Rebel,August,September,1930s,Wedowee,,Alabama,United States,
Malus domestica,Apple,Red Reese,early October,early October,1911,,Randolph County,Alabama,United States,
Malus domestica,Apple,Red Royal Limbertwig,September,October,,,,,United States,f
Malus domestica,Apple,Red Winter Sweet,October,October,1870,,,Virginia,United States,
Malus domestica,Apple,Regent,September,October,1924,Minnesota,,,United States,fs
Malus domestica,Apple,Republican Pippin,September,September,1855,,Lycoming County,Pennsylvania,United States,p
Malus domestica,Apple,Reverend Morgan,August,August,1972,Houston,,Texas,United States,
Malus domestica,Apple,Rexrode Beauty,October,October,1993,Buckhannon,,West Virginia,United States,
Malus domestica,Apple,Rhode Island Greening,September,October,1700,Newport,,Rhode Island,United States,fsp
Malus domestica,Apple,Roanoke,September,September,1967,Blacksburg,,Virginia,United States,
Malus domestica,Apple,Robertson Red,October,October,1870s,,Robertson County,Tennessee,United States,s
Malus domestica,Apple,Rock River Limbertwig,,,,,,,United States,
Malus domestica,Apple,Roman Stem,September,September,1868,,,New Jersey,United States,f
Malus domestica,Apple,Rome Beauty,September,October,1846,Rome,,Ohio,United States,sp
Malus domestica,Apple,Rose Limbertwig,,,,,,,United States,
Malus domestica,Apple,Roxbury Russet,September,October,1649,Roxbury,,Massachusetts,United States,fsy
Malus domestica,Apple,Royal Limbertwig,Early October,Early October,,,,,United States,fp
Malus domestica,Apple,Rusty Coat,late July,late July,,,,North Carolina,United States,
Malus domestica,Apple,Sally Gray,late July,August,1763,,,Virginia,United States,p
Malus domestica,Apple,Salome,October,October,1853,Ottowa,,Illinois,United States,fs
Malus domestica,Apple,Sam Apple,July,August,late 1800s,Eastanollee,,Georgia,United States,f
Malus domestica,Apple,Sam Hunt,September,October,1929,Jackson,,Mississippi,United States,
Malus domestica,Apple,Sam Whitson,September,September,late 1800s,,Mitchell County,North Carolina,United States,p
Malus domestica,Apple,San Jacinto,July,July,1900,Augusta,,Georgia,United States,f
Malus domestica,Apple,Schell,August,September,1839,Maysville,,West Virginia,United States,
Malus domestica,Apple,Schumacher,late July,August,late 1700s,,,,Germany,
Malus domestica,Apple,Scott's Winter,September,October,1864,,Newport,Vermont,United States,fs
Malus domestica,Apple,Sheepnose,August,August,1870s,,,Virginia,United States,f
Malus domestica,Apple,Shell,July,July,late 1800s,Brewton,,Alabama,United States,fyp
Malus domestica,Apple,Shenandoah,September,September,1942,Blacksburg,,Virginia,United States,p
Malus domestica,Apple,Sherrill,October,November,1902,Newton,,North Carolina,United States,
Malus domestica,Apple,Shockley,October,October,1852,,Jackson County,Georgia,United States,fsyp
Malus domestica,Apple,Short Core,October,October,1850,Berea,,Kentucky,United States,fs
Malus domestica,Apple,Sine Qua Non,July,July,1831,Long Island,,New York,United States,
Malus domestica,Apple,Slabside,August,August,2009,,,North Carolina,United States,f
Malus domestica,Apple,Slope,October,October,1920,Hays,,North Carolina,United States,
Malus domestica,Apple,Smith Seedling,September,October,before Civil War,,Stokes County,North Carolina,United States,fsp
Malus domestica,Apple,Smith's Cider,October,October,1776,,Bucks County,Pennsylvania,United States,fyp
Malus domestica,Apple,Smith's Seedling of Mississippi,July,July,1874,Woodville,,Mississippi,United States,
Malus domestica,Apple,Smokehouse,August,September,1836,Lancaster,,Pennsylvania,United States,fp
Malus domestica,Apple,Snuff,October,October,early 1900s ,,Yancey County,North Carolina,United States,
Malus domestica,Apple,Sops of Wine,late June,July,1871,England,,,United States,
Malus domestica,Apple,Sour June,July,July,1833,Beaufort,,North Carolina,United States,p
Malus domestica,Apple,Sparger,late September,October,1800s,Mount Airy,,North Carolina,United States,sp
Malus domestica,Apple,Spotted Pippin,August,September,early 1900s,Bakersville,,North Carolina,United States,
Malus domestica,Apple,St. Clair,mid July,late July,1947,,St. Clair County,Illinois,United States,f
Malus domestica,Apple,Stafford,early July,early July,1853,Greensboro,,North Carolina,United States,
Malus domestica,Apple,Stark,September,September,1869,,Stark County,Ohio,United States,fs
Malus domestica,Apple,Starr,late June,July,1878,,,New Jersey,United States,p
Malus domestica,Apple,Stayman,October,October,1866,Leavenworth,,Kansas,United States,fp
Malus domestica,Apple,Striped Early Harvest,late July,late July,2000,Roaring River,,North Carolina,United States,f
Malus domestica,Apple,Striped June,June,June,,Chattanooga,,Tennessee,United States,
Malus domestica,Apple,Stump,September,September,1875,Chili,,New York,United States,f
Malus domestica,Apple,Stump the World,October,October,1905,Powells Station,,Tennessee,United States,
Malus domestica,Apple,Sugar Apple,October,October,,,,North Carolina,United States,f
Malus domestica,Apple,Sugar Loaf Pippin,July,September,1824,,,,United Kingdom of Great Britian and Northern Ireland,
Malus domestica,Apple,Sulser Red,September,October,1996,,,West Virginia,United States,f
Malus domestica,Apple,Summer Banana,September,September,1890,,Marion County,South Carolina,United States,f
Malus domestica,Apple,Summer Champion,August,August,1921,Weatherford,,Texas,United States,
Malus domestica,Apple,Summer Cheese,August,September,mid 1900s,Traphill,,North Carolina,United States,
Malus domestica,Apple,Summer King,late July,August,1807,,,North Carolina,United States,f
Malus domestica,Apple,Summer Ladyfinger,mid July,mid July,1994,Fries,,Virginia,United States,
Malus domestica,Apple,Summer Limbertwig,August,September,,Greensboro,,North Carolina,United States,
Malus domestica,Apple,Summer Pippin,July,September,,,,New York,United States,fp
Malus domestica,Apple,Summer Pound Royal ,July,August,,,,,United States,
Malus domestica,Apple,Summer Queen,July,August,1791,,,New Jersey,United States,fp
Malus domestica,Apple,Summer Rambo,August,September,1600s,,,,France,fp
Malus domestica,Apple,Summer Rose,July,July,1806,,,New Jersey,United States,f
Malus domestica,Apple,Sunday Sweet,late July,August,1867,,,Illinois,United States,fp
Malus domestica,Apple,Sutton Beauty,August,September,1757,,Sutton,Massachusetts,United States,f
Malus domestica,Apple,Swaar,October,October,1700s,,,New York,United States,fs
Malus domestica,Apple,Sweet Bough,late July,late July,1817,,,,United States,fp
Malus domestica,Apple,Sweet Dixon,September,September,early 1900s,,Watauga County,North Carolina,United States,
Malus domestica,Apple,Sweet Lannie,July,August,1996,Max Meadows,,Virginia,United States,
Malus domestica,Apple,Sweet Limbertwig,September,October,Pre 1860,,Warren County,Tennessee,United States,
Malus domestica,Apple,Sweet Russet,July,August,1989,Burnsville,,North Carolina,United States,
Malus domestica,Apple,Sweet Winesap,September,September,1900,PA,,,United States,fs
Malus domestica,Apple,Swiss Limbertwig,,,,Cumberland Mountains,,Tennessee,United States,
Malus domestica,Apple,Taliafero,late September,late September,1800s,,Gloucester County,Virginia,United States,y
Malus domestica,Apple,Tanner's Winter,October,October,1800s,Warsaw,,North Carolina,United States,f
Malus domestica,Apple,Tanyard Seedling,October,October,,,,Georgia,United States,
Malus domestica,Apple,Tarbutton,August,August,1800s,Cherry Grove,,Georgia,United States,fp
Malus domestica,Apple,Taylor Sweet,August,August,1900,,Yancey County,North Carolina,United States,
Malus domestica,Apple,Ten Ounce,September,October,1930s,,Wilkes County,North Carolina,United States,
Malus domestica,Apple,Tenderskin,October,October,1858,,,South Carolina,United States,fyp
Malus domestica,Apple,Terry Winter,October,November,before Civil War,,Fulton County,Georgia,United States,fs
Malus domestica,Apple,Tetofsky,June,July,1835,,,,Russian Federation,p
Malus domestica,Apple,Thompson of Mississippi,July,August,early 1900s,Jackson,,Mississippi,United States,p
Malus domestica,Apple,Tolman Sweet,September,September,1822,,,,United States,yp
Malus domestica,Apple,Tom Jones Seedling,late August,late August,mid 1900s,Asheville,,North Carolina,United States,fp
Malus domestica,Apple,Tommy,August,September,mid 1800s,Martha,,North Carolina,United States,
Malus domestica,Apple,Tompkins King,September,September,1804,,Warren County,New Jersey,United States,f
Malus domestica,Apple,Tony Apple,September,October,1863,,Cabarrus County,North Carolina,United States,p
Malus domestica,Apple,Tucker,July,early September,early 1900s,Greensboro,,North Carolina,United States,f
Malus domestica,Apple,Turley Winesap,September,October,1910,Orleans,,Indiana,United States,p
Malus domestica,Apple,Twenty Ounce,August,September,early 1800s,,,New York,United States,p
Malus domestica,Apple,Vandevere,September,October,1653,Wilmington,,Delaware,United States,fsyp
Malus domestica,Apple,Vandever June,July,August,late 1800s,Statesville,,North Carolina,United States,
Malus domestica,Apple,Vanhoy,October,October,early 1800s,,Forsyth County,North Carolina,United States,fs
Malus domestica,Apple,Vine,October,October,1895,,Patrick County,Virginia,United States,s
Malus domestica,Apple,Virginia Beauty,September,October,1810,,Carroll County,Virginia,United States,fs
Malus domestica,Apple,Virginia Greening,late September,October,1700s,,,Virginia,United States,
Malus domestica,Apple,Walter Tibbs,September,October,,Mountain Grove,,Virginia,United States,
Malus domestica,Apple,Watermelon,September,September,,,Haywood County,North Carolina,United States,
Malus domestica,Apple,Wealthy,August,August,1860,Excelsior,,Minnesota,United States,
Malus domestica,Apple,Western Beauty,August,August,1815,Marietta,,Pennsylvania,United States,f
Malus domestica,Apple,White Winter Pearmain,September,October,1853,,,Indiana,United States,fs
Malus domestica,Apple,Williams Favorite,July,July,1750,Roxbury,,Massachusetts,United States,
Malus domestica,Apple,Willow Twig,October,October,1845,,,Virginia,United States,
Malus domestica,Apple,Wilson June,July,August,1865,,,Arkansas,United States,
Malus domestica,Apple,Wine,October,October,1817,,,Delaware,United States,
Malus domestica,Apple,Winesap,September,October,1800,,,New Jersey,United States,fsy
Malus domestica,Apple,Winter Banana,September,September,1876,,Cass County,Indiana,United States,f
Malus domestica,Apple,Winter Cheese,October,October,1853,,Bunswick County,Virginia,United States,
Malus domestica,Apple,Winter Jon,late October,November,,,,,United States,yp
Malus domestica,Apple,Winter May,October,October,1910,Statesville,,North Carolina,United States,
Malus domestica,Apple,Winter Sweet Paradise,September,September,1842,Paradise,,Pennsylvania,United States,fs
Malus domestica,Apple,Wolf River,September,September,1856,Fremont,,Wisconsin,United States,p
Malus domestica,Apple,World's Best,August,August,1900,Robbinsville,,North Carolina,United States,
Malus domestica,Apple,Wrixparent,June,June,1920,Magnolia,,Delaware,United States,
Malus domestica,Apple,Yankee Sweet,August,September,1990,,Floyd County,Virginia,United States,p
Malus domestica,Apple,Yates,October,November,1844,,Fayette County,Georgia,United States,sy
Malus domestica,Apple,Yellow Bellflower,September,September,1817,Burlington,,New Jersey,United States,yp
Malus domestica,Apple,Yellow Hardin,August,September,2002,,Wilkes County,North Carolina,United States,y
Malus domestica,Apple,Yellow June ,late June,July,1845,,,,United States,
Malus domestica,Apple,Yellow Potts,late August,late August,1900s,Taylorsville,,North Carolina,United States,
Malus domestica,Apple,Yellow Transparent,June,July,1800s,,,,Russian Federation,p
Malus domestica,Apple,York Imperial,September,October,1820,York,,Pennsylvania,United States,fp
